{
  "home": {
    "x": 0.0,
    "y": 0.0
  },
  "kitchen": {
    "x": 2.0,
    "y": 1.0
  },
  "living_room": {
    "x": -1.078,
    "y": 2.787
  },
  "sugar": {
    "x": 0.4274656882343467,
    "y": -0.3937711099795243
  },
  "current 1": {
    "x": -0.40433275988104883,
    "y": 0.4813982162688234
  },
  "new": {
    "x": 19.083884136606315,
    "y": 65.77475090486516
  },
  "new point": {
    "x": 4.792,
    "y": -6.022
  },
  "nano": {
    "x": -0.3978242326777435,
    "y": 0.48145163246583866
  },
  "banana2": {
    "x": 2.2807089444532527,
    "y": 0.32509119556514965
  },
  "orange": {
    "x": 4.974280761185984,
    "y": -0.5939283526114019
  },
  "watermelon": {
    "x": -0.5250162448428093,
    "y": -0.13582820090361225
  },
  "oil": {
    "x": 1.3360366880112613,
    "y": -0.4216400272090034
  },
  "facewash": {
    "x": 0.24424809650032614,
    "y": 1.0523426759296342
  },
  "apple": {
    "x": 1.1323647944609572,
    "y": -1.0829363636387792
  }
}